pdb_id,residue_count,chain_count,center_x,center_y,center_z,avg_phi,avg_psi
1AKE,428,2,20.184477988661804,25.612156327484936,20.33138031129503,-68.61079627111283,25.445529920342985
1PKE,706,3,76.64699760283197,45.12423449699371,19.631074841571063,-79.0676107676308,40.456458346931335
2PTC,281,2,10.865599884799222,70.3909375774845,17.34594457483492,-78.08367025520899,67.28232640752319
2PTK,425,1,24.063875340699138,-0.25967515533743146,35.19039302602915,-75.16553713322887,43.5029327261485
5XNL,9364,56,0.003145182298142932,0.0032334350998864695,-35.10499421885358,-71.33048229163283,9.501079519720575
6LU7,309,2,-26.041302771835756,12.599509898125914,59.18800073935999,-80.67661918276615,56.25577711453608
7AHD,1361,4,132.35161655015605,130.65849559358267,127.49696979863926,-69.98254225026982,4.624283943594506
